name,base_plan,address,services,comorbidities,values,date
Metafisio Estúdio,Silver+,"R. Ouvidor Freire, 1380 - Centro, Franca - SP, 14400-630, Brasil","Personal Trainer,Pilates,Pilates Gestantes","Armários,Chuveiro,Equipamentos de treino,Espaço adaptado para cadeira de rodas,Fisioterapeuta,Vestiário,Wi-Fi",189.9,2025-01-25
Núcleo Pentágono,Gold,"R. Floriano Peixoto, 1449 - Centro, Franca - SP, 14400-760, Brasil",Pilates,"Ar condicionado,Armários,Chuveiro,Equipamentos de treino,Espaço adaptado para cadeira de rodas,Fisioterapeuta,Toalhas de treino,Vestiário,Wi-Fi",289.9,2025-01-25
Centro de Escalada Franca,Silver,"R. do Comércio, 2373 - Centro, Franca - SP, 14400-660, Brasil",Escalada,"Armários,Cafeteria,Chuveiro,Estacionamento,Loja de artigos esportivos,Mini bar,Vestiário,Wi-Fi",139.9,2025-01-25
KM Studio de Dança,Basic,"R. Dr. Júlio Cardoso, 1974 - Centro, Franca - SP, 14400-730, Brasil","Axé,Dança de Salão,Ritmos,Zumba","Ar condicionado,Armários,Loja de artigos esportivos,Vestiário,Wi-Fi",59.9,2025-01-25
Ballet Carla Pacheco,Silver+,"R. Campos Sáles, 1416 - Centro, Franca - SP, 14400-710, Brasil","Ballet,Ballet Fitness,Dança Contemporânea,Hip-Hop,Jazz","Armários,Wi-Fi",189.9,2025-01-25
Flaviane Fisio Studio,Silver+,"R. Ouvidor Freire, 1380 - Centro, Franca - SP, 14400-630, Brasil",Pilates,"Fisioterapeuta,Vestiário",189.9,2025-01-25
"SIM, Uma Não Academia",Silver+,"R. do Comércio, 2173 - Centro, Franca - SP, 14400-660, Brasil","Personal Trainer,Treinamento Funcional","Chuveiro,Equipamentos de treino,Espaço adaptado para cadeira de rodas,Estacionamento,Mini bar,Personal trainer,Toalhas de treino,Vestiário,Wi-Fi",189.9,2025-01-25
Instituto Moove,Gold+,"R. Estevão Leão Bourroul, 1313 - Centro, Franca - SP, 14400-750, Brasil","Cardio Pilates,Neo Pilates,Pilates Condicionamento","Ar condicionado,Equipamentos de treino,Espaço adaptado para cadeira de rodas,Fisioterapeuta,Itens de higiene pessoal,Nutricionista,Personal trainer,Vestiário,Wi-Fi",399.9,2025-01-25
Atenas Sport Academia,Basic,"R. Gen. Carneiro, 873 - Estacao, Franca - SP, 14405-106, Brasil",Musculação,"Armários,Chuveiro,Personal trainer,Vestiário,Wi-Fi",59.9,2025-01-25
Selfit - FRANCA,Silver,"Av. Alonso Y Alonso, 1799 - Centro, Franca - SP, 14400-770, Brasil","Abd,Musculação","Ar condicionado,Armários,Chuveiro,Espaço adaptado para cadeira de rodas,Estacionamento,Personal trainer,Vestiário,Wi-Fi",139.9,2025-01-25
Atlantica,Basic,"Av. Líbero Badaró, 1399 - Centro, Franca - SP, 14400-570, Brasil","Hidroginástica,Musculação","Ar condicionado,Armários,Chuveiro,Espaço adaptado para cadeira de rodas,Estacionamento,Personal trainer,Piscina coberta,Vestiário,Wi-Fi",59.9,2025-01-25
Xtreme 20,Gold+,"R. Líbero Badaró, 1399 - Centro, Franca - SP, 14400-570, Brasil",Eletroestimulação,"Ar condicionado,Armários,Estacionamento,Vestiário",399.9,2025-01-25
Studio de LPF e Treinamento do assoalho Pélvico Franca SP,Silver,"R. Líbero Badaró, 1243 - Centro, Franca - SP, 14400-570, Brasil","Abdominal Funcional,Pilates Condicionamento",Vestiário,139.9,2025-01-25
Clinica Cere Pilates,Basic+,"R. Padre Anchieta, 1115 - Centro, Franca - SP, 14400-740, Brasil","Mat. Pilates (solo),Neo Pilates,Pilates,Pilates Circuit,Pilates Funcional,PIlates Kids","Equipamentos de treino,Espaço adaptado para cadeira de rodas,Fisioterapeuta,Nutricionista,Personal trainer,Vestiário,Wi-Fi",89.9,2025-01-25
Academia Rama Fitness,Basic,"Av. Ângelo Pedro, 2342 - São José, Franca - SP, 14403-416, Brasil","Abdominais,Bike Indoor,Dança,Funcional,Jump,Musculação,Pump,Step","Ar condicionado,Armários,Estacionamento,Vestiário,Wi-Fi",59.9,2025-01-25
Espaço Della´s Academia,Basic+,"R. Thomaz Gonzaga, 2166 - Vila Nicacio, Franca - SP, 14405-110, Brasil","Bike Indoor,Circuito,Combat,Gap,Jump,Mat. Pilates (solo),Pilates,Piloxing,Ritmos,Step,Zumba",,89.9,2025-01-25
Gracie Barra Franca,Basic+,"R. Artur Marangone, 1845 - Vila Industrial, Franca - SP, 14403-371, Brasil","Abdominais,Boxe,Corrida,Defesa Pessoal,Jiu-jitsu,MMA,Musculação","Chuveiro,Equipamentos de treino,Estacionamento",89.9,2025-01-25
"Bem Viver Performance , Movimento e Reabilitação",Silver,"R. Afonso Pena, 1899 - Cidade Nova, Franca - SP, 14401-141, Brasil",Treinamento Funcional,"Ar condicionado,Chuveiro,Espaço adaptado para cadeira de rodas,Fisioterapeuta,Loja de artigos esportivos,Personal trainer,Wi-Fi",139.9,2025-01-25
Studio de Pilates Isabela Pádua,Silver+,"R. Afonso Pena, 1381 - Cidade Nova, Franca - SP, 14401-141, Brasil","Pilates Condicionamento,Pilates Fit,Pilates Gestantes","Ar condicionado,Elevador,Espaço adaptado para cadeira de rodas,Fisioterapeuta",189.9,2025-01-25
CR CLAYTON ROCHA FISIOTERAPIA E PILATES,Silver,"R. Luiz da Silva Diniz, 2561 - São José, Franca - SP, 14403-422, Brasil","Abs Pilates,Condicionamento funcional,Personal Pilates,Personal Trainer - Pilates,Pilates Circuit,Pilates Condicionamento,Pilates Fit,Pilates Gestantes,Reformer Pilates,Treinamento Funcional","Chuveiro,Equipamentos de treino,Espaço adaptado para cadeira de rodas,Fisioterapeuta",139.9,2025-01-25
Wall Fit,Basic+,"Av. Antônio Barbosa Filho, 976 - Centro, Franca - SP, 14400-005, Brasil","Condicionamento Físico,Cross,Cross Training,Funcional","Armários,Chuveiro,Equipamentos de treino,Itens de higiene pessoal,Mini bar,Nutricionista,Wi-Fi",89.9,2025-01-25
Centro Fitness La Vitta,Basic+,"R. Homero Pachêco Alves, 1031 - Centro, Franca - SP, 14400-010, Brasil",Musculação,"Equipamentos de treino,Wi-Fi",89.9,2025-01-25
You Studio Fitness,Basic+,"R. Gen. Telles, 514 - Estacao, Franca - SP, 14405-090, Brasil","Aeróbicas,Musculação,Personal Trainer - Musculação,Treinamento de Resistência ao Peso,Treinamento Funcional","Espaço adaptado para cadeira de rodas,Wi-Fi",89.9,2025-01-25
Treino T - Treinamento Funcional,Basic+,"R. Gonçalves Dias, 1893 - Estacao, Franca - SP, 14405-196, Brasil",Crosstraining,"Adaptações para pessoas autistas,Armários,Assistência a pessoas com deficiência,Banheiro acessível,Chuveiro,Chuveiro acessível,Equipamentos de treino,Espaço adaptado para cadeira de rodas,Estacionamento,Estacionamento acessível,Fisioterapeuta,Loja de artigos esportivos,Nutricionista,Personal trainer,Piso tátil,Portas adaptadas para cadeiras de rodas,Vestiário,Wi-Fi",89.9,2025-01-25
Clínica Bioestética Vivency,Basic+,"R. Cavalheiro Ângelo Presotto, 178 - São José, Franca - SP, 14401-289, Brasil","Hidratação,Liberação Miofascial,Massagem,Pilates,Pilates Condicionamento,Pilates Gestantes,Pre/Pós Natal,Prevenção de lesões","Aquecedor,Ar condicionado,Equipamentos de treino,Espaço adaptado para cadeira de rodas,Fisioterapeuta,Spa,Vestiário,Wi-Fi",89.9,2025-01-25
Espaço Pilates,Silver,"R. Frederico Ozanan, 748 - Jardim Consolacao, Franca - SP, 14400-150, Brasil",Pilates Condicionamento,Vestiário,139.9,2025-01-25
RTV 2 Pilates,Silver,"R. Gen. Carneiro, 444 - Estacao, Franca - SP, 14405-106, Brasil","Abs Pilates,Mat. Pilates (solo),Personal Pilates,Pilates Circuit,Pilates Condicionamento,Pilates Fit,Pilates Gestantes,Power Pilates,Reformer Pilates","Chuveiro,Equipamentos de treino,Espaço adaptado para cadeira de rodas,Estacionamento,Fisioterapeuta,Itens de higiene pessoal,Personal trainer,Vestiário,Wi-Fi",139.9,2025-01-25
Vem Dançar,Basic+,"R. Felisbino de Lima, 1499 - Cidade Nova, Franca - SP, 14401-146, Brasil","Axé,Ballet Clássico,Ballet Fitness,Dança de Salão,Funcional,Hip-Hop,Jazz,Power Fit,Strong by Zumba,Zumba,Zumba Kids","Ar condicionado,Área infantil,Armários,Chuveiro,Vestiário,Wi-Fi",89.9,2025-01-25
Fisiocor,Silver,"R. Olimpio Rodrigues da Silva, 1209 - Prolongamento Vila Industrial, Franca - SP, 14403-356, Brasil",Pilates,"Ar condicionado,Armários,Espaço adaptado para cadeira de rodas,Wi-Fi",139.9,2025-01-25
Espaço SOU Corpo e Mente,Silver,"R. Carmem Irene Batista, 2777 - Estacao, Franca - SP, 14405-135, Brasil","Funcional,Meditação,Yoga","Armários,Banheiros de gênero neutro,Itens de higiene pessoal,Loja de artigos esportivos,Personal trainer,Wi-Fi",139.9,2025-01-25
Formativa Studio de Pilates,Silver,"R. José de Alencar, 1785 - Estacao, Franca - SP, 14405-208, Brasil",Pilates,"Armários,Loja de artigos esportivos,Vestiário",139.9,2025-01-25
Yoga Hall,Silver,"Av. Dr. Hélio Palermo, 2888 - Centro, Franca - SP, 14401-010, Brasil",Yoga,"Ar condicionado,Estacionamento,Vestiário",139.9,2025-01-25
Bluetech Academia,Starter,"R. Evangelista de Lima, 589 - Vila Nicacio, Franca - SP, 14405-116, Brasil",Musculação,"Armários,Banheiros de gênero neutro,Espaço adaptado para cadeira de rodas,Vestiário,Wi-Fi",35.9,2025-01-25
Bio Cross,Basic+,"R. Chile, 1521 - Jardim Consolacao, Franca - SP, 14400-110, Brasil",Crosstraining,"Armários,Espaço adaptado para cadeira de rodas,Wi-Fi",89.9,2025-01-25
Studio Fitness Fitclub,Basic+,"R. Ibiraci, 266 - Jardim Francano, Franca - SP, 14405-014, Brasil","Bike Indoor,Condicionamento funcional,Musculação","Armários,Cadeado e chave,Chuveiro,Personal trainer,Vestiário,Wi-Fi",89.9,2025-01-25
Equilibrium - Cuidamos de você,Silver,"R. Cavalheiro Ângelo Presotto, 327 - São José, Franca - SP, 14401-289, Brasil","Beach Tennis,Circuito de areia,Condicionamento Físico,Musculação,Neo Pilates,Pilates","Ar condicionado,Armários,Chuveiro,Equipamentos de treino,Estacionamento,Fisioterapeuta,Loja de artigos esportivos,Nutricionista,Personal trainer,Vestiário,Wi-Fi",139.9,2025-01-25
Academia Pumping Iron Franca,Starter,"Rua Voluntários da Franca, 348 - Estacao, Franca - SP, 14405-103, Brasil",Musculação,"Ar condicionado,Chuveiro,Equipamentos de treino,Itens de higiene pessoal,Personal trainer,Vestiário,Wi-Fi",35.9,2025-01-25
My Box - Franca,Basic,"Av. Alonso Y Alonso, 730 - Jardim Veneza, Franca - SP, 14403-052, Brasil",,"Ar condicionado,Área infantil,Armários,Espaço adaptado para cadeira de rodas,Estacionamento,Mini bar,Vestiário,Wi-Fi",59.9,2025-01-25
Crossfit Franca - Unidade 2,Silver,"Av. Ângelo Pedro, 2758 - São José, Franca - SP, 14403-416, Brasil",Crossfit,"Armários,Espaço adaptado para cadeira de rodas,Estacionamento,Vestiário",139.9,2025-01-25
Clínica Fases,Silver+,"Rua Voluntários da Franca, 2793 - São José, Franca - SP, 14403-424, Brasil","Funcional,Funcional Hiit,Mat. Pilates (solo),Pilates Fit,Pilates Gestantes,Reformer Pilates","Ar condicionado,Área infantil,Estacionamento,Fisioterapeuta,Wi-Fi",189.9,2025-01-25
Jaqueline Leonel Siqueira Coreografa,Silver,"R. Diogo Feijó, 1941 - Estacao, Franca - SP, 14405-212, Brasil","Aeróbicas,Aulas Particulares de Dança,Ballet,Dança Contemporânea,Dança de Salão,Dança Urbana,Jump,Ritmos Brasileiros,Stiletto Dance,Zumba","Área infantil,Armários,Chuveiro,Espaço adaptado para cadeira de rodas,Personal trainer,Vestiário,Wi-Fi",139.9,2025-01-25
MB Studio Fitness,Starter,"Av. Frei Germano, 1868 - Estacao, Franca - SP, 14405-215, Brasil","Abs,Circuit training,Condicionamento Físico,Core Express,Funcional,Functional Bodybuilding,Jump,Musculação,Musculação Kids,Personal Dance,Queima de Gordura,Regeneração,Wellness","Área infantil,Armários,Chuveiro,Equipamentos de treino,Espaço adaptado para cadeira de rodas,Personal trainer,Salão de beleza,Vestiário,Wi-Fi",35.9,2025-01-25
Lótus Yoga Franca,Silver,"R. México, 1309 - Jardim Consolacao, Franca - SP, 14400-100, Brasil",Yoga,,139.9,2025-01-25
Instituto Dok Su Ri de Hapkido,Silver+,"Avenida Eliza Verzola Gosuen, 1875 - Jardim Angela Rosa, Santa Rita - PB, 14403-603, Brasil",Arte marcial,"Área infantil,Armários,Equipamentos de treino,Personal trainer,Vestiário",189.9,2025-01-25
StudioBox MetodoFit,Basic+,"R. Joaquim Pousa Araújo, 2755 - Prolongamento Vila Santa Cruz, Franca - SP, 14403-609, Brasil",Cross Training,"Área infantil,Armários,Equipamentos de treino,Nutricionista,Vestiário,Wi-Fi",89.9,2025-01-25
Yoga com Júlia Naves,Silver,"R. Dr. Carlos Signoreli, 2592 - Vila Industrial, Franca - SP, 14403-367, Brasil","Ashtanga Yoga,Hatha Yoga,Hatha-Raja-Vinyasa,Ioga restauradora,Vinyasa Yoga,Yin Yoga,Yoga,Yoga - Vinyasa Flow,Yoga para Gestantes,Yogaterapia","Ar condicionado,Armários,Equipamentos de treino,Espaço adaptado para cadeira de rodas,Estacionamento,Itens de higiene pessoal,Loja de artigos esportivos,Mini bar,Personal trainer,Vestiário,Wi-Fi",139.9,2025-01-25
MK Studio Personal Training,Basic+,"R. Profa. Suzana Ribeiro Sandoval, 499 - consolaçao, Franca - SP, 14400-190, Brasil","Aeróbicas,Circuito Funcional,Gestantes,Jiu-jitsu Brasileiro,Jiu-jitsu Infantil,Muay Thai,Musculação,Musculação Kids,Perda de peso,Pre/Pós Natal,Reabilitação,Treinamento Hibrido (Musculação + Funcional)",Espaço adaptado para cadeira de rodas,89.9,2025-01-25
Academia Multifisio,Basic,"R. Santos Pereira, 685 - Cidade Nova, Franca - SP, 14401-130, Brasil","Dance Mix,Jump,Musculação,Ritmos,Step,Zumba","Armários,Vestiário,Wi-Fi",59.9,2025-01-25
CM Corpo e Mente,Silver,"R. Santos Pereira, 685 - Cidade Nova, Franca - SP, 14401-130, Brasil",Pilates Condicionamento,"Chuveiro,Espaço adaptado para cadeira de rodas,Fisioterapeuta",139.9,2025-01-25
Panobianco Unidade Estação,Basic,"Av. Frei Germano, 2290 - Estacao, Franca - SP, 14405-215, Brasil","Abd,Musculação","Ar condicionado,Armários,Chuveiro,Espaço adaptado para cadeira de rodas,Vestiário,Wi-Fi",59.9,2025-01-25
Spaço Saúde,Basic+,"R. José Salomoni, 495 - São José, Franca - São Paulo, 14401-298, Brasil",Musculação,"Ar condicionado,Chuveiro,Espaço adaptado para cadeira de rodas,Fisioterapeuta,Personal trainer,Vestiário,Wi-Fi",89.9,2025-01-25
Aline Barbosa Pilates Fitness,Silver+,"R. Carlos de Vilhena, 2452 - Estacao, Franca - SP, 14405-203, Brasil",Pilates Fit,"Espaço adaptado para cadeira de rodas,Fisioterapeuta,Personal trainer,Wi-Fi",189.9,2025-01-25
Vital Fisio,Silver,"R. Áureliano Gomes, 687 - Jardim Roselandia, Franca - SP, 14405-057, Brasil",Pilates,"Equipamentos de treino,Espaço adaptado para cadeira de rodas,Fisioterapeuta,Loja de artigos esportivos,Vestiário,Wi-Fi",139.9,2025-01-25
Phoenix Academia,Basic,"R. Paulo César Pachêco, 585 - São José, Franca - SP, 14401-283, Brasil","Alongamento,Bike,Circuito Funcional,Fit Dance,Jiu-jitsu,Muay Thai,Musculação,Pump,Step,Treinamento Funcional,Zumba","Ar condicionado,Armários,Chuveiro,Equipamentos de treino,Espaço adaptado para cadeira de rodas,Estacionamento,Nutricionista,Personal trainer,Vestiário,Wi-Fi",59.9,2025-01-25
Academia Fit +,Basic,"R. Carlos do Carmo, 810 - Cidade Nova, Franca - SP, 14401-133, Brasil",Musculação,"Armários,Vestiário,Wi-Fi",59.9,2025-01-25
Acqua Vitae,Silver+,"2260 - R. Dr. Nelson Facioli, Presotto - São José, Franca - SP, 14401-308, Brasil","Hidroterapia,Pilates,Treinamento Funcional","Ar condicionado,Chuveiro,Equipamentos de treino,Espaço adaptado para cadeira de rodas,Fisioterapeuta,Itens de higiene pessoal,Piscina coberta,Vestiário,Wi-Fi",189.9,2025-01-25
FACURY ACADEMIA,Silver,"R. Jonas Alcântara Vilhena, 665 - Prolongamento Vila Duque de Caxias, Franca - SP, 14401-031, Brasil","Abdominais,Alongamento","Chuveiro,Equipamentos de treino,Espaço adaptado para cadeira de rodas,Itens de higiene pessoal,Vestiário,Wi-Fi",139.9,2025-01-25
In Shape Academia,Basic,"Av. José da Silva, 2716 - Jardim Integracao, Franca - SP, 14405-391, Brasil",Musculação,"Armários,Cafeteria,Equipamentos de treino,Espaço adaptado para cadeira de rodas,Itens de higiene pessoal,Loja de artigos esportivos,Mini bar,Nutricionista,Personal trainer,Vestiário,Wi-Fi",59.9,2025-01-25
Instituto DokSuRi de Hapkido Un. 2,Basic+,"R. Carmem Irene Batista, 3379 - Estacao, Franca - SP, 14405-135, Brasil",Hapkido,"Área infantil,Chuveiro,Equipamentos de treino,Mini bar,Personal trainer,Vestiário,Wi-Fi",89.9,2025-01-25
BioBeaux Fitness,Silver,"R. da Fraternidade, 265 - Parque dos Lima, Franca - SP, 14403-120, Brasil","Ballet,Bike,Cross Funcional,Neo Pilates","Armários,Vestiário",139.9,2025-01-25
Clínica Toque Fisio,Silver,"R. Vicente Pucci, 545 - Vila Santos Dumont, Franca - SP, 14405-332, Brasil","Condicionamento Físico,Fit Training,Personal Pilates,Pilates Fit","Chuveiro,Fisioterapeuta,Vestiário,Wi-Fi",139.9,2025-01-25
Studio Nayara Soares,Silver,"Rua: Professora Herundina Castro Alves 2950 - São José, Franca - SP, 14403-442, Brasil","Abdominais,Fit Dance,Funcional,Functional Bodybuilding,Personal Trainer - T. Funcional,Yoga","Chuveiro,Equipamentos de treino,Vestiário,Wi-Fi",139.9,2025-01-25
Coworking Fitness,Silver,"R. Maria Martins de Araújo, 401 - Jardim Lima, Franca - SP, 14403-117, Brasil","Alongamento,Combate,Condicionamento Físico,Core,Funcional,Funcional Fight,Musculação","Armários,Chuveiro,Itens de higiene pessoal,Vestiário",139.9,2025-01-25
RTV pilates,Silver,"R. Francisco Pesce, 702 - santa tereza, Franca - SP, 14401-054, Brasil","Funcional,Pilates Fit",Estacionamento,139.9,2025-01-25
Adrenalina Muay Thai,Basic,"R. Jerônimo Rodrigues Pinto, 395 - Parque dos Lima, Franca - SP, 14403-072, Brasil",Muay Thai,"Chuveiro,Itens de higiene pessoal,Vestiário,Wi-Fi",59.9,2025-01-25
Home Box 502,Basic+,"R. Alberto Schirato, 502 - Jardim Lima, Franca - SP, 14403-105, Brazil","Cross Training,Funcional","Armários,Vestiário",89.9,2025-01-25
Academia Xprime - Franca,Silver,"Av. Reinaldo Chioca, 660 - Parque Progresso, Franca - SP, 14403-085, Brasil",Musculação,"Ar condicionado,Armários,Chuveiro,Espaço adaptado para cadeira de rodas,Estacionamento,Vestiário,Wi-Fi",139.9,2025-01-25
Fit Life,Starter,"Av. Pres. Vargas, 1445 - Cidade Nova, Franca - SP, 14401-110, Brasil","Circuito Funcional,Gap,Jiu-jitsu,Jump,Muay Thai,Musculação,Ritmos,Zumba","Ar condicionado,Armários,Estacionamento,Vestiário,Wi-Fi",35.9,2025-01-25
Corporeum 3.0,Basic,"R. Hortêncio Mendonça Ribeiro, 798 - Prolongamento Jardim Lima, Franca - SP, 14403-099, Brasil","Circuito Funcional,Jiu-jitsu,Musculação","Armários,Cadeado e chave,Chuveiro,Personal trainer,Vestiário,Wi-Fi",59.9,2025-01-25
Renove Pilates Unidade 2,Silver,"Rua Espirito Santo, 677 - Vila Aparecida, Franca - SP, 14401-226, Brasil",Pilates,"Armários,Vestiário",139.9,2025-01-25
Ashtanga Yoga Franca,Silver+,"R. José Pimenta de Oliveira, 700 - Parque do Castelo, Franca - SP, 14403-210, Brasil",Yoga,"Armários,Estacionamento,Vestiário",189.9,2025-01-25
SkyFit Academia - Vila Aparecida,Basic,"Av. Distrito Federal, 950 - São José, Franca - SP, 14401-342, Brasil",Musculação,"Armários,Chuveiro,Vestiário",59.9,2025-01-25
Studio Thuany Coutinho,Silver,"Av. Distrito Federal, 915 - São José, Franca - SP, 14401-342, Brasil",Pilates Funcional,"Armários,Estacionamento acessível,Fisioterapeuta,Vestiário",139.9,2025-01-25
Capparelli Underground,Silver,"Av. Santa Cruz, 3255 - Vila Santa Cruz, Franca - SP, 14403-500, Brasil",Musculação,"Equipamentos de treino,Loja de artigos esportivos",139.9,2025-01-25
MB Osteopatia e Pilates,Silver,"R. Demar Tozi, 340 - São Joaquim, Franca - SP, 14406-358, Brasil","Bola Pilates,Mat. Pilates (solo),Pilates,Pilates Aereo","Ar condicionado,Armários,Cafeteria,Espaço adaptado para cadeira de rodas,Estacionamento,Vestiário,Wi-Fi",139.9,2025-01-25
Box 720,Basic+,"Av. Dr. Ismael Alonso Y Alonso, 3553 - São José, Franca - SP, 14401-426, Brasil","Calistenia,Crosstraining,Ginástica Funcional,Levantamento de Peso Olimpico","Ar condicionado,Armários,Chuveiro,Equipamentos de treino,Espaço adaptado para cadeira de rodas,Estacionamento,Itens de higiene pessoal,Loja de artigos esportivos,Mini bar,Personal trainer,Vestiário,Wi-Fi",89.9,2025-01-25
Level - Clínica Especializada,Gold,"R. Demar Tozzi, 561 - São Joaquim, Franca - SP, 14406-358, Brasil",Treinamento Funcional,"Equipamentos de treino,Fisioterapeuta,Itens de higiene pessoal,Nutricionista,Personal trainer,Wi-Fi",289.9,2025-01-25
Força em Movimento,Silver,"R. Minas Gerais, 1208 - Vila Aparecida, Franca - SP, 14401-229, Brasil","Funcional,Musculação","Chuveiro,Personal trainer,Wi-Fi",139.9,2025-01-25
Evolution Gym,Basic,"Av. Chico Júlio, 4160 - Vila Chico Julio, Franca - SP, 14405-252, Brasil","Musculação,Treinamento Funcional","Ar condicionado,Área infantil,Armários,Chuveiro,Equipamentos de treino,Espaço adaptado para cadeira de rodas,Estacionamento,Itens de higiene pessoal,Loja de artigos esportivos,Vestiário,Wi-Fi",59.9,2025-01-25
Academia Mr. Olympia,Starter,"Av. Brasil, 1401 - Vila Aparecida, Franca - SP, 14401-234, Brasil",Musculação,"Armários,Loja de artigos esportivos",35.9,2025-01-25
Play Academia,Basic,"Av. Ver. Jose Granzotte, 2584 - Vila Santa Cruz, Franca - SP, 14403-500, Brasil","Jump,Musculação,Ritmos,Treinamento Funcional,Zumba","Ar condicionado,Armários,Chuveiro,Equipamentos de treino,Loja de artigos esportivos,Mini bar,Personal trainer,Toalhas de treino,Vestiário,Wi-Fi",59.9,2025-01-25
Number One,Starter,"R. Antônio Bernardes Pinto, 4491 - Vila Chico Julio, Franca - SP, 14405-233, Brasil","Axé,Capoeira,Jiu-jitsu,Jump,Karatê,Local,Muay Thai,Musculação,Step,Treinamento Funcional,Zumba","Ar condicionado,Armários,Vestiário",35.9,2025-01-25
DL Fit Energia em Movimento,Silver+,"Av. Pres. Vargas, 2171 - Jardim Planalto, Franca - SP, 14409-055, Brasil","Acro Yoga,Aero Pilates,Circo,Dance,Functional Bodybuilding,Jump,Muay Thai,Pilates Fit,Tecido Acrobático","Chuveiro,Equipamentos de treino,Espaço adaptado para cadeira de rodas,Loja de artigos esportivos,Nutricionista,Personal trainer",189.9,2025-01-25
Cross Life A. Piratininga,Basic+,"Av. Hugo Betarello, 3580 - Vila Santa Cruz, Franca - SP, 14403-220, Brasil",Cross Training,"Ar condicionado,Área infantil,Armários,Espaço adaptado para cadeira de rodas,Estacionamento,Vestiário,Wi-Fi",89.9,2025-01-25
Ashtanga Yoga - 2 Unidade,Silver+,"R. dos Pracinhas, 1840 - Res. Paraiso, Franca - SP, 14403-160, Brasil",Yoga,Armários,189.9,2025-01-25
Academia Plena Forma,Basic,"R. Orestes Tristão, 699 - Vila Rezende, Franca - SP, 14406-520, Brasil",Musculação,Armários,59.9,2025-01-25
Fit Pró3.0 Academia,Silver,"Av. Reinaldo Chioca, 1520 - Parque Progresso, Franca - SP, 14403-085, Brasil","Aulas em grupo,Musculação","Armários,Vestiário",139.9,2025-01-25
Corpo In Movimento,Starter,"Av. Dom Pedro I, 725 - Parque Moema, Franca - SP, 14409-170, Brasil","Circuito,Jump,Musculação,Zumba","Armários,Espaço adaptado para cadeira de rodas,Estacionamento,Loja de artigos esportivos,Vestiário,Wi-Fi",35.9,2025-01-25
Ekofitness,Starter,"R. Minas Gerais, 1816 - Vila Aparecida, Franca - SP, 14401-229, Brasil","cardio,Circuito,Dança,Funcional,Jump","Ar condicionado,Armários,Chuveiro,Equipamentos de treino,Itens de higiene pessoal,Nutricionista,Vestiário,Wi-Fi",35.9,2025-01-25
Crossfit Vitrini,Silver,"Av. dos Sapateiros, 1771 - Núcleo Agricola Alpha, Franca - SP, 14403-183, Brasil",Crossfit,"Aquecedor,Área infantil,Armários,Chuveiro,Equipamentos de treino,Espaço adaptado para cadeira de rodas,Itens de higiene pessoal,Vestiário,Wi-Fi",139.9,2025-01-25
Fenix Academia,Starter,"Rua Francisco Marques, 1913 - Jardim Sao Gabriel, Franca - SP, 14406-652, Brasil",Musculação,"Armários,Vestiário",35.9,2025-01-25
JM Fitness,Basic,"R. Alexandre Spereta, 1710 - São Joaquim, Franca - SP, 14406-307, Brasil","Dance,Funcional,Musculação","Equipamentos de treino,Nutricionista,Wi-Fi",59.9,2025-01-25
Franca Fitness,Basic,"Av. Dom Pedro I, 1351 - Jardim Dr. Antonio Petraglia, Franca - SP, 14409-170, Brasil","Abdominais,Circuito Funcional,Combat,Fit Dance,Localizada,Musculação,Zumba","Armários,Chuveiro,Vestiário,Wi-Fi",59.9,2025-01-25
Kings Academia,Starter,"Av. Nazira Aidar, 5021 - Jardim Redentor, Franca - SP, 14409-240, Brasil",Musculação,"Armários,Wi-Fi",35.9,2025-01-25
Centro de Aulas Custódio e Zanin,Silver,"Av. Dr. Hélio Palermo, 6740 - sala 1 - Estacao, Franca - SP, 14402-020, Brasil","Cicle Indoor,Muay Thai,Zumba","Armários,Cadeado e chave,Chuveiro,Equipamentos de treino,Estacionamento,Nutricionista,Personal trainer,Vestiário,Wi-Fi",139.9,2025-01-25
Academia V6,Starter,"Av. Dr. Hélio Palermo, 6740 - Estacao, Franca - SP, Brasil","Musculação,Musculação Kids,Personal Trainer - Musculação","Armários,Cadeado e chave,Chuveiro,Salão de beleza,Wi-Fi",35.9,2025-01-25
Academia Z+,Starter,"Av. Dom Pedro I, 1810 - Parque Moema, Franca - SP, 14409-180, Brasil",Musculação,"Armários,Cadeado e chave,Cafeteria,Chuveiro,Equipamentos de treino,Espaço adaptado para cadeira de rodas,Estacionamento,Loja de artigos esportivos,Nutricionista,Personal trainer,Vestiário,Wi-Fi",35.9,2025-01-25
Studio Antoniete,Basic+,"Rua João Urias Pimenta, 4510 - Parque Franville, Franca - SP, 14403-574, Brasil","Cardio Pilates,Mat. Pilates (solo),Neo Pilates,Pilates Condicionamento,Pilates Fit","Fisioterapeuta,Vestiário,Wi-Fi",89.9,2025-01-25
Imperius Fitness,Basic,"R. Alfredo Casale, 1421 - Vila Rezende, Franca - SP, 14406-515, Brasil",Musculação,"Ar condicionado,Armários,Espaço adaptado para cadeira de rodas,Estacionamento,Vestiário,Wi-Fi",59.9,2025-01-25
Harmônica Studio Pilates,Silver,"R. Elpídio Benedito Pinto, 550 - Chacara Santo Antonio, Franca - SP, 14403-264, Brasil",Pilates Condicionamento,"Ar condicionado,Armários,Espaço adaptado para cadeira de rodas,Wi-Fi",139.9,2025-01-25
